ticket_id,created,company,contact_email,plan,category,subject,description,severity,status
FW-1001,2026-01-05,Bramwell Logistics,ops@bramwell-log.com,Growth,Billing,Invoice shows wrong seat count,We were charged for 42 seats but only have 35 active users this month. Can you correct our invoice?,Medium,Open
FW-1002,1/6/26,Solace Dental Group,priya.n@solacedental.com,starter,refund request,Want to cancel and get money back,We signed up for the annual Starter plan on 2025-12-28 and want a full refund. We decided to go with a competitor instead.,,Open
FW-1003,2026-01-06,Northfield Analytics,,,technical issue,Slack integration stopped posting updates,Our #project-updates channel hasn't received any Fernway notifications since Monday. We rely on this daily.,High,Open
FW-1004,06-Jan-2026,Pixel & Pine Studio,tom@pixelpine.co,Enterprise,Billing,Cannot log in via company SAML,Every team member is stuck on a redirect loop trying to log in through our Okta SSO. This is blocking our whole team right now.,Critical,Open
FW-1005,2026-01-07,Bramwell Logistics,ops@bramwell-log.com,Growth,General,How do I add a new team member?,New hire starting Monday. Want to make sure I know the invite process before then.,Low,Open
FW-1006,1/7/26,Harrow & Vance LLP,d.vance@harrowvance.com,,Refund,Requesting refund for unused seats,We downgraded from 60 to 40 seats mid-cycle on Jan 3. Finance is asking whether we get money back for the unused 20 seats for the rest of the billing period.,Medium,Open
FW-1002,2026-01-07,Solace Dental Group,priya.n@solacedental.com,Starter,Refund,Duplicate of FW-1002,Submitting again in case the first one didn't go through. Still want the refund for our annual plan.,,Open
FW-1008,08-Jan-2026,Kestrel Freight Co,ops2@kestrelfreight.com,GROWTH,Integration,API rate limit errors since yesterday,We're getting 429 errors on roughly 1 in 5 calls to the tasks endpoint since around 3pm yesterday. Our nightly sync job is failing.,High,Open
FW-1009,2026-01-08,Marrow Creative Agency,jen@marrowcreative.io,Starter,feature request,Dark mode please,Half our team works late and the bright interface is rough on the eyes. Any plans to add a dark theme?,,Open
FW-1010,08-Jan-2026,Tidewell Health Partners,,Enterprise,Billing,Entire workspace is down,Nobody at our company can access Fernway right now. Getting a 500 error on every page. This is production-blocking for our care coordination team.,Critical,Open
FW-1011,2026-01-09,Kestrel Freight Co,ops2@kestrelfreight.com,Enterprise,billing,Question about upgrading to Enterprise,We're growing past 200 users soon and want to understand what changes if we move to Enterprise pricing.,Low,Pending
FW-1012,1/9/26,Alder & Finch Consulting,r.finch@alderfinch.com,Enterprise,refund,Enterprise contract cancellation and refund,"We signed a 12-month Enterprise contract in October and want to cancel now. Our MSA isn't clear on what portion, if any, is refundable. Please advise.",Medium,Open
FW-1013,2026-01-09,Northfield Analytics,,,Billing,Automation workflow not triggering,"We built a workflow to auto-assign tasks when a form is submitted, but it hasn't fired once in three days despite multiple test submissions.",Medium,Open
FW-1014,09-Jan-2026,Coppervale Retail Group,it@coppervale-retail.com,Starter,Login,Password reset email never arrives,"Three of our users have tried the 'forgot password' flow and none of them received the reset email, even after checking spam.",Medium,Open
FW-1015,2026-01-10,Marrow Creative Agency,jen@marrowcreative.io,starter,General,Where do I change notification settings?,,,Open
FW-1016,10-Jan-2026,Bramwell Logistics,ops@bramwell-log.com,Growth,Refund,Charged twice this month,Our card shows two identical charges of $99 x 12 seats on Jan 8 and Jan 9. Please refund the duplicate charge.,High,Open
FW-1017,2026-01-10,Harrow & Vance LLP,d.vance@harrowvance.com,,Feature Request,Need Gantt chart export to PDF,"We present project timelines to clients and need a clean PDF export of the Gantt view, not just a screenshot.",Low,Open
FW-1018,1/11/26,Solace Dental Group,priya.n@solacedental.com,Starter,General,How do I cancel auto-renew,"Before we hear back on the refund, can someone confirm auto-renew is off so we're not charged again next cycle?",Medium,Open
FW-1019,2026-01-11,Kestrel Freight Co,ops2@kestrelfreight.com,Growth,Billing,Google Workspace sync duplicating tasks,Every task synced from Google Calendar is appearing twice in the board. Started after we reconnected the integration last week.,Medium,Open
FW-1020,11-Jan-2026,Pixel & Pine Studio,tom@pixelpine.co,,SSO,"SAML issue partially resolved, still 2 users stuck","IT reset the Okta config and most of the team can log in now, but 2 users are still stuck in the redirect loop.",High,Open
FW-1021,2026-01-12,Thistledown Care Homes,admin@thistledown.org,Starter,Refund,"REFUND NEEDED ASAP, this app is unusable",We've had nothing but login problems for two weeks and we're done. We paid annually in November and want our money back.,High,Open
FW-1022,12-Jan-2026,Coppervale Retail Group,it@coppervale-retail.com,Growth,Technical,CSV export is corrupted,Every export we download has garbled characters in the customer name column. Happening on both Chrome and Edge.,Medium,Open
FW-1023,2026-01-12,Alder & Finch Consulting,r.finch@alderfinch.com,Enterprise,General,Can we get a dedicated CSM call this week?,"Following up on FW-1012, would like to talk through options with our account manager before deciding anything.",Low,Pending
FW-1024,12-Jan-2026,Marrow Creative Agency,jen@marrowcreative.io,Growth,Feature Request,Custom fields on task cards,We need to track a 'client billable' yes/no field per task and there's no way to add a custom field right now.,,Open
FW-1025,2026-01-13,Northfield Analytics,,Growth,Refund,Downgrade refund question,We're moving from 50 to 30 seats effective Feb 1. Do we get a prorated credit for the 20 seats for the rest of January?,Medium,Open
FW-1026,13-Jan-2026,Tidewell Health Partners,,Enterprise,Billing,Still seeing intermittent 500 errors,Follow-up to FW-1010 - the outage seems mostly resolved but a few of our team are still hitting occasional 500 errors on the dashboard page.,High,Open
FW-1027,2026-01-13,Bramwell Logistics,ops@bramwell-log.com,,Billing,Mobile app crashes on opening a board,Android app crashes immediately whenever anyone tries to open our 'Q1 Rollout' board specifically. Other boards open fine.,Medium,Open
FW-1028,14-Jan-2026,Harrow & Vance LLP,d.vance@harrowvance.com,,Login,Two users locked out after failed 2FA attempts,Two paralegals are locked out after too many failed 2FA codes. They need access back today for a filing deadline.,High,Open
FW-1029,2026-01-14,Solace Dental Group,priya.n@solacedental.com,Starter,Refund,Still waiting on refund status,It's been a week since we filed FW-1002 - we sent it twice. Can someone please confirm whether this is approved?,Medium,Open
FW-1030,14-Jan-2026,Kestrel Freight Co,ops2@kestrelfreight.com,Growth,General,How many seats are we currently using?,,,Closed
FW-1031,2026-01-15,Marrow Creative Agency,jen@marrowcreative.io,,Refund,Cancelling within trial-adjacent window,We upgraded from the free trial to paid Starter on Jan 3 and want to cancel and get a refund. It's been under 2 weeks.,Medium,Open
FW-1032,15-Jan-2026,Coppervale Retail Group,it@coppervale-retail.com,Starter,Feature Request,Bulk import from spreadsheet,Onboarding 40 new tasks by hand is painful. Is there a way to bulk import from a CSV or Excel file?,,Open
FW-1033,2026-01-15,Pixel & Pine Studio,tom@pixelpine.co,Enterprise,Technical,Custom workflow stopped applying approval step,Our design-review workflow used to require manager approval before a task could move to 'Done'. That step silently disappeared this week.,Medium,Open
FW-1034,15-Jan-2026,Thistledown Care Homes,admin@thistledown.org,Starter,General,Following up on FW-1021,Any update on our refund request? We'd like to close this out one way or the other.,Medium,Open
FW-1035,2026-01-16,Alder & Finch Consulting,r.finch@alderfinch.com,,Refund,Cancelling after CSM call,We spoke with our CSM (ref FW-1023) and have decided to cancel anyway. Please advise on refund terms per our MSA.,Medium,Open
FW-1036,16-Jan-2026,Northfield Analytics,,,Integration,Slack integration duplicate posting,Opposite problem from FW-1003 now - every update is posting twice to Slack instead of not posting at all.,Medium,Open
FW-1037,2026-01-16,Bramwell Logistics,ops@bramwell-log.com,Growth,Billing,Payment method declined,Our card on file was declined for the Jan billing cycle. Need to update payment details and confirm we're not at risk of suspension.,High,Open
FW-1038,16-Jan-2026,Kestrel Freight Co,ops2@kestrelfreight.com,Growth,Feature Request,Time tracking per task,Would like an optional timer or manual time-log field per task for internal billing purposes.,,Open
FW-1039,2026-01-17,Harrow & Vance LLP,d.vance@harrowvance.com,Enterprise,Login,"2FA issue resolved, thank you",IT got everyone back in. Closing this one out - thanks for the fast turnaround yesterday.,Low,Closed
FW-1040,17-Jan-2026,Coppervale Retail Group,it@coppervale-retail.com,Starter,General,Where is the permissions page?,,,Open
FW-1041,2026-01-17,Tidewell Health Partners,,,Refund,Requesting service credit for outage,"Given FW-1010 and FW-1026, we'd like to discuss a service credit for the disruption, per our SLA terms.",Medium,Open
FW-1042,17-Jan-2026,Marrow Creative Agency,jen@marrowcreative.io,Starter,Technical,Board loads very slowly,The 'Client Delivery' board with about 300 tasks takes 15-20 seconds to load. Other smaller boards are fine.,Low,Open
FW-1043,2026-01-18,Solace Dental Group,priya.n@solacedental.com,Starter,General,"Refund resolved, closing ticket",Support confirmed the refund is processing. Thanks for sorting this out.,Low,Closed
FW-1044,18-Jan-2026,Pixel & Pine Studio,tom@pixelpine.co,,Feature Request,Version history on task descriptions,When multiple people edit a task description we have no way to see who changed what. An edit history would help a lot.,,Open
FW-1045,2026-01-18,Bramwell Logistics,ops@bramwell-log.com,Enterprise,Refund,Refund for declined-payment suspension days,Following up on FW-1037 - our workspace was suspended for 2 days while we sorted the card issue. Can we get a credit for those days?,Medium,Open
FW-1046,18-Jan-2026,Kestrel Freight Co,ops2@kestrelfreight.com,Growth,General,Best practice for structuring boards by region?,,,Open
FW-1047,2026-01-19,Northfield Analytics,,Growth,Billing,Cannot access workspace at all this morning,"Getting a blank white screen since about 8am today, no error message, just blank. Whole team affected.",Critical,Open
FW-1048,19-Jan-2026,Thistledown Care Homes,admin@thistledown.org,Starter,Refund,Still no update after two follow-ups,"This is our third message (FW-1021, FW-1034) asking about our refund. We need a real answer today.",High,Open
FW-1049,2026-01-19,Coppervale Retail Group,it@coppervale-retail.com,Growth,Billing,Zapier connection failing,"Not sure if this is officially supported, but our Zapier link to Fernway has been failing with an auth error since yesterday.",Medium,Open
FW-1050,19-Jan-2026,Alder & Finch Consulting,r.finch@alderfinch.com,,General,Confirming next invoice date after cancellation,"Following FW-1035, just want written confirmation of our exact cancellation-effective date and final invoice.",Low,Open
FW-1051,2026-01-20,Harrow & Vance LLP,d.vance@harrowvance.com,Enterprise,Feature Request,Client-facing read-only portal,We'd like a way to share a read-only view of a board with clients who don't have Fernway accounts.,,Open
FW-1052,20-Jan-2026,Marrow Creative Agency,jen@marrowcreative.io,Starter,Technical,Attachments failing to upload,"PDF and PNG uploads over roughly 5MB fail silently - no error, the attachment just never appears.",Medium,Open
FW-1053,2026-01-20,Tidewell Health Partners,,,General,Requesting SLA documentation for our records,Our compliance team needs a copy of the formal SLA terms tied to our Enterprise contract for an internal audit.,Low,Open
FW-1054,20-Jan-2026,Kestrel Freight Co,ops2@kestrelfreight.com,Growth,Refund,Wrong plan billed,We were quoted and agreed to Growth pricing but the invoice shows Enterprise-tier charges. Please correct and refund the difference.,High,Open
FW-1055,2026-01-21,Pixel & Pine Studio,tom@pixelpine.co,Enterprise,Outage,Approval workflow issue is now blocking all task completions,Escalating FW-1033 - this has gotten worse and now NO tasks can be marked Done company-wide. Full stop on our delivery pipeline.,Critical,Open
